name,email,age
John Doe,john.doe@example.com,30
Jane Smith,jane.smith@example.com,25
Bob Johnson,bob.johnson@example.com,45
Alice Brown,alice.brown@example.com,35
Charlie Wilson,charlie.wilson@example.com,28
Emma Davis,emma.davis@example.com,32
Michael Chen,michael.chen@example.com,41
Sarah Miller,sarah.miller@example.com,29
David Garcia,david.garcia@example.com,38
Lisa Thompson,lisa.thompson@example.com,27
James Wilson,james.wilson@example.com,33
Maria Rodriguez,maria.rodriguez@example.com,31
Robert Taylor,robert.taylor@example.com,44
Jennifer Lee,jennifer.lee@example.com,36
William Anderson,william.anderson@example.com,39
Emily White,emily.white@example.com,26
Daniel Martinez,daniel.martinez@example.com,42
Sophia Kim,sophia.kim@example.com,34
Thomas Brown,thomas.brown@example.com,37
Rachel Clark,rachel.clark@example.com,28
Kevin Wright,kevin.wright@example.com,40
Laura Scott,laura.scott@example.com,31
Christopher King,christopher.king@example.com,43
Michelle Lopez,michelle.lopez@example.com,35
Ryan Adams,ryan.adams@example.com,29
Amanda Hall,amanda.hall@example.com,32
Justin Turner,justin.turner@example.com,38
Nicole Baker,nicole.baker@example.com,27
Brandon Hill,brandon.hill@example.com,41
Rebecca Ross,rebecca.ross@example.com,33
Carlos Sanchez,carlos.sanchez@example.com,36
Katherine Reed,katherine.reed@example.com,30
Andrew Phillips,andrew.phillips@example.com,39
Samantha Cox,samantha.cox@example.com,28
Patrick Murphy,patrick.murphy@example.com,42
Olivia Foster,olivia.foster@example.com,34
George Rivera,george.rivera@example.com,37
Elizabeth Gray,elizabeth.gray@example.com,31
Jonathan Cole,jonathan.cole@example.com,40
Victoria Price,victoria.price@example.com,29
Timothy Ward,timothy.ward@example.com,35
Hannah Brooks,hannah.brooks@example.com,32
Alexander Long,alexander.long@example.com,38
Catherine Hayes,catherine.hayes@example.com,27
Benjamin Wood,benjamin.wood@example.com,41
Megan Butler,megan.butler@example.com,33
Joseph Powell,joseph.powell@example.com,36
Stephanie Hughes,stephanie.hughes@example.com,30
Peter Zhang,peter.zhang@example.com,37
Natalie Cooper,natalie.cooper@example.com,28
Eric Nelson,eric.nelson@example.com,39
Diana Torres,diana.torres@example.com,34
Frank Morris,frank.morris@example.com,43
Grace Lee,grace.lee@example.com,31
Henry Carter,henry.carter@example.com,36
Isabella Martin,isabella.martin@example.com,29
Jack Robinson,jack.robinson@example.com,40
Kelly Peterson,kelly.peterson@example.com,33
Lucas Campbell,lucas.campbell@example.com,38
Madison Wright,madison.wright@example.com,27
Nathan Howard,nathan.howard@example.com,42
Olivia Parker,olivia.parker@example.com,35
Paul Edwards,paul.edwards@example.com,30
Quinn Foster,quinn.foster@example.com,44
Rachel Morgan,rachel.morgan@example.com,32
Samuel Cooper,samuel.cooper@example.com,37
Tiffany Ross,tiffany.ross@example.com,28
Tyler Bennett,tyler.bennett@example.com,41
Uma Patel,uma.patel@example.com,34
Victor Ramirez,victor.ramirez@example.com,39
Wendy Mitchell,wendy.mitchell@example.com,31
Xavier Brooks,xavier.brooks@example.com,36
Yasmine Ali,yasmine.ali@example.com,29
Zachary Fisher,zachary.fisher@example.com,43
Amy Watson,amy.watson@example.com,30
Brian Young,brian.young@example.com,38
Chloe Sanders,chloe.sanders@example.com,27
Derek Palmer,derek.palmer@example.com,42
Elena Castro,elena.castro@example.com,35
Felix Hayes,felix.hayes@example.com,31
Georgia Wells,georgia.wells@example.com,40
Hugo Freeman,hugo.freeman@example.com,33
Iris Coleman,iris.coleman@example.com,37
Julian West,julian.west@example.com,28
Keira Hudson,keira.hudson@example.com,41
Leo Barrett,leo.barrett@example.com,34
Maya Gonzalez,maya.gonzalez@example.com,39
Noah Richardson,noah.richardson@example.com,32
Oscar Fleming,oscar.fleming@example.com,36
Paige Douglas,paige.douglas@example.com,29
Quincy Warren,quincy.warren@example.com,43
Rose Chapman,rose.chapman@example.com,30
Simon Foster,simon.foster@example.com,38
Tara Morrison,tara.morrison@example.com,27
Ulysses Grant,ulysses.grant@example.com,42
Violet Turner,violet.turner@example.com,35
Walter Reed,walter.reed@example.com,31
Xena Carter,xena.carter@example.com,40
Yuri Patel,yuri.patel@example.com,33
Zoe Matthews,zoe.matthews@example.com,37
Adrian Lopez,adrian.lopez@example.com,28
Bethany Cole,bethany.cole@example.com,41
Cameron White,cameron.white@example.com,34
Dawn Martinez,dawn.martinez@example.com,39
Ethan Bradley,ethan.bradley@example.com,32
Fiona Murphy,fiona.murphy@example.com,36
Gabriel Santos,gabriel.santos@example.com,29
Holly Parker,holly.parker@example.com,43
Ian Foster,ian.foster@example.com,30
Julia Nash,julia.nash@example.com,38
Kyle Peterson,kyle.peterson@example.com,27
Luna Garcia,luna.garcia@example.com,42
Marco Rossi,marco.rossi@example.com,35
Nina Howard,nina.howard@example.com,31
Owen Campbell,owen.campbell@example.com,40
Penny Blake,penny.blake@example.com,33
Quentin Walsh,quentin.walsh@example.com,37
Rita Mendoza,rita.mendoza@example.com,28
Seth Harrison,seth.harrison@example.com,41
Tessa Brooks,tessa.brooks@example.com,34
Uri Cohen,uri.cohen@example.com,39
Vera Wilson,vera.wilson@example.com,32
Wade Cooper,wade.cooper@example.com,36
Ximena Ruiz,ximena.ruiz@example.com,29
Yves Laurent,yves.laurent@example.com,43
Zara Ahmed,zara.ahmed@example.com,30
Alex Morgan,alex.morgan@example.com,38
Blair Jenkins,blair.jenkins@example.com,27
Casey Jordan,casey.jordan@example.com,42
Drew Taylor,drew.taylor@example.com,35
Eden Santos,eden.santos@example.com,31
Finn O'Brien,finn.obrien@example.com,40
Gwen Harper,gwen.harper@example.com,33
Heath Mitchell,heath.mitchell@example.com,37
Ivy Chen,ivy.chen@example.com,28
Jude Foster,jude.foster@example.com,41
Kai Anderson,kai.anderson@example.com,34
Lena Rodriguez,lena.rodriguez@example.com,39
Max Turner,max.turner@example.com,32
Nova Reid,nova.reid@example.com,36
Otto Klein,otto.klein@example.com,29
Pearl Chang,pearl.chang@example.com,43
Quinn Blake,quinn.blake@example.com,30
Reed Marshall,reed.marshall@example.com,38
Sky Walker,sky.walker@example.com,27
Tate Collins,tate.collins@example.com,42
Uma Sharma,uma.sharma@example.com,35
Vale Martinez,vale.martinez@example.com,31
Wade Wilson,wade.wilson@example.com,40
Xander Lee,xander.lee@example.com,33
Yale Cooper,yale.cooper@example.com,37
Zeke Thompson,zeke.thompson@example.com,28
Ash Rodriguez,ash.rodriguez@example.com,41
Brook Taylor,brook.taylor@example.com,34
Cruz Sanchez,cruz.sanchez@example.com,39
Dale Foster,dale.foster@example.com,32
Echo Rivera,echo.rivera@example.com,36
Faye Wong,faye.wong@example.com,29
Gray Mitchell,gray.mitchell@example.com,43
Haven Park,haven.park@example.com,30
Indigo Ray,indigo.ray@example.com,38
Jazz Coleman,jazz.coleman@example.com,27
Kit Morgan,kit.morgan@example.com,42
Lake Chen,lake.chen@example.com,35
Moss Kelly,moss.kelly@example.com,31
North Blake,north.blake@example.com,40
Ocean Reed,ocean.reed@example.com,33
Page Turner,page.turner@example.com,37
Quest Martin,quest.martin@example.com,28
Rain Foster,rain.foster@example.com,41
Storm Cooper,storm.cooper@example.com,34
True Wilson,true.wilson@example.com,39
Unity Patel,unity.patel@example.com,32
Vale Santos,vale.santos@example.com,36
West Jordan,west.jordan@example.com,29
Zen Chang,zen.chang@example.com,43
